{"cameraMode":{"drawMode":0,"name":"Shaded","section":"Shading Mode"},"sceneLighting":true,"audioPlay":false,"sceneViewState":{"m_AlwaysRefresh":false,"showFog":true,"showSkybox":true,"showFlares":true,"showImageEffects":true,"showParticleSystems":true,"showVisualEffectGraphs":true,"m_FxEnabled":true},"in2DMode":false,"pivot":{"x":-8.618078231811524,"y":-0.32139623165130618,"z":-2.6450886726379396},"rotation":{"x":0.27964654564857485,"y":0.38923895359039309,"z":-0.12542285025119782,"w":0.8690111041069031},"size":3.959989309310913,"orthographic":false}